{
    "now": "2023-04-24T13:22:45.438Z",
    "perfNow": 6058480.5,
    "diagnosticCorrelation": "60b84e14-fb80-4c32-b6bc-93107308c36c",
    "source": "DownloadSupportFiles",
    "environment": {
        "productName": "adf",
        "buildVersion": "1.0.042023.10",
        "environmentType": 3,
        "resourceName": "ADF-first-amit-01",
        "resourceRegion": "uksouth",
        "resourceGroup": "resources-group-amit",
        "subscriptionId": "c067d9bc-e24c-490f-bc00-f844be3fdce8",
        "sessionId": "W9rzkt/+keUfCiwW1gU89p",
        "operationId": "",
        "gitType": "live",
        "loggingKey": "de3f9b14-ac78-46f5-85f2-295e2fc5e968"
    },
    "additionalInfo": {
        "selectedResource": "Incremental_load",
        "selectedResourceType": "pipeline"
    }
}