{
    "name": "AzureSqlTable2",
    "properties": {
        "linkedServiceName": {
            "referenceName": "AzureSqlDatabase1",
            "type": "LinkedServiceReference"
        },
        "annotations": [],
        "type": "AzureSqlTable",
        "schema": [
            {
                "name": "DATE",
                "type": "nvarchar"
            },
            {
                "name": "COUNTRY",
                "type": "nvarchar"
            },
            {
                "name": "PRODUCT",
                "type": "nvarchar"
            },
            {
                "name": "SALES",
                "type": "nvarchar"
            }
        ],
        "typeProperties": {
            "schema": "dbo",
            "table": "stg_order003"
        }
    }
}