{
    "name": "DelimitedText1",
    "properties": {
        "linkedServiceName": {
            "referenceName": "AzureDataLakeStorage1",
            "type": "LinkedServiceReference"
        },
        "annotations": [],
        "type": "DelimitedText",
        "typeProperties": {
            "location": {
                "type": "AzureBlobFSLocation",
                "fileName": "003.csv",
                "fileSystem": "data"
            },
            "columnDelimiter": ",",
            "escapeChar": "\\",
            "firstRowAsHeader": true,
            "quoteChar": "\""
        },
        "schema": [
            {
                "name": "DATE",
                "type": "String"
            },
            {
                "name": "COUNTRY",
                "type": "String"
            },
            {
                "name": "PRODUCT",
                "type": "String"
            },
            {
                "name": "SALES",
                "type": "String"
            }
        ]
    }
}